1000,Intel Core i7-10700K,399.99,10
1001,Intel Core i7-9700K,479.98,5
1002,Intel Core i7-4790K,294.98,21
1003,Intel Core i7-9800X,654.31,1
1100,AMD Ryzen 9 3900XT,498.99,11
1101,AMD Ryzen 5 3600XT,249.99,15
2000,MSI X470 Gaming Plus,124.99,13
2100,ASUS ROG Strix B550-E,279.99,7
3000,MSI GeForce RTX 3080,759.99,0
3001,MSI GeForce RTX 3090,1549.99,0
4000,Corsair Vengeance RGB Pro 16GB,87.99,4
4100,G.SKILL Ripjaws V Series 32GB,113.99,8
4101,G.SKILL TridentZ RGB Series 32GB,134.99,3
4200,Patriot Viper Steel 16GB,149.99,1